{
  "args": {
    "timescale": "daily",
    "hidden": 16,
    "window": 3,
    "epochs": 3000,
    "lr": 0.0003,
    "weight_decay": 0.01,
    "batch_size": 32,
    "seq_len": 30,
    "stride": 5,
    "patience": 300,
    "eval_every": 5,
    "cost_bps": 5.0,
    "lambda_dd": 0.5,
    "lambda_activity": 0.01,
    "lambda_utilization": 1.0,
    "seeds": 30
  },
  "buy_hold": {
    "train_pnl": 56.012481689453125,
    "val_pnl": 12.291900634765625,
    "test_pnl": 10.940384864807129
  },
  "rule_baseline": {
    "train": {
      "pnl": -2.877321280539036,
      "sharpe": -0.14747734716792896,
      "max_dd": 16.157178580760956
    },
    "val": {
      "pnl": 5.1652077585458755,
      "sharpe": 1.3174819112206242,
      "max_dd": 2.8795933350920677
    },
    "test": {
      "pnl": 3.201853111386299,
      "sharpe": 1.2288940436984377,
      "max_dd": 2.1071922034025192
    }
  },
  "n_models": 30,
  "elapsed_seconds": 394.0782616138458,
  "models": [
    {
      "seed": 91,
      "val_sharpe": 1.3498265743255615,
      "test": {
        "sharpe": 0.6047348380088806,
        "total_pnl": 0.06509197410196066,
        "max_drawdown": 0.3348913975059986,
        "win_rate": 50.07528066635132,
        "trade_intensity": 0.04710189253091812,
        "total_costs": 0.06358755636028945,
        "mean_position": 0.08449756354093552,
        "mean_confidence": 0.48527538776397705,
        "mean_trust": 0.4577462375164032
      },
      "n_params": 5629
    },
    {
      "seed": 511,
      "val_sharpe": 1.2815591096878052,
      "test": {
        "sharpe": 0.6535545587539673,
        "total_pnl": 0.07584424456581473,
        "max_drawdown": 0.42728488333523273,
        "win_rate": 49.26227033138275,
        "trade_intensity": 0.05556908994913101,
        "total_costs": 0.07501827203668654,
        "mean_position": 0.11303748190402985,
        "mean_confidence": 0.5086405277252197,
        "mean_trust": 0.476307213306427
      },
      "n_params": 5629
    },
    {
      "seed": 595,
      "val_sharpe": 1.2657771110534668,
      "test": {
        "sharpe": 0.8243483901023865,
        "total_pnl": 0.1251655863597989,
        "max_drawdown": 0.4957993980497122,
        "win_rate": 49.26227033138275,
        "trade_intensity": 0.06272576004266739,
        "total_costs": 0.08467978332191706,
        "mean_position": 0.13306701183319092,
        "mean_confidence": 0.5405077934265137,
        "mean_trust": 0.5507726073265076
      },
      "n_params": 5629
    },
    {
      "seed": 763,
      "val_sharpe": 1.2644503116607666,
      "test": {
        "sharpe": 0.8531928062438965,
        "total_pnl": 0.08571181097067893,
        "max_drawdown": 0.3777812235057354,
        "win_rate": 48.99126887321472,
        "trade_intensity": 0.04980416223406792,
        "total_costs": 0.06723562255501747,
        "mean_position": 0.10353641957044601,
        "mean_confidence": 0.4943726062774658,
        "mean_trust": 0.4758836328983307
      },
      "n_params": 5629
    },
    {
      "seed": 343,
      "val_sharpe": 1.2476084232330322,
      "test": {
        "sharpe": 0.45304247736930847,
        "total_pnl": 0.05904355784878135,
        "max_drawdown": 0.4061826504766941,
        "win_rate": 50.07528066635132,
        "trade_intensity": 0.056147851049900055,
        "total_costs": 0.0757996051106602,
        "mean_position": 0.1021040678024292,
        "mean_confidence": 0.5460395812988281,
        "mean_trust": 0.48846372961997986
      },
      "n_params": 5629
    },
    {
      "seed": 1183,
      "val_sharpe": 1.238189697265625,
      "test": {
        "sharpe": 0.6772757172584534,
        "total_pnl": 0.10148118017241359,
        "max_drawdown": 0.4978486802428961,
        "win_rate": 48.38903546333313,
        "trade_intensity": 0.05577234551310539,
        "total_costs": 0.07529266877099872,
        "mean_position": 0.12957210838794708,
        "mean_confidence": 0.5000090003013611,
        "mean_trust": 0.502000093460083
      },
      "n_params": 5629
    },
    {
      "seed": 301,
      "val_sharpe": 1.2174426317214966,
      "test": {
        "sharpe": 0.7764117121696472,
        "total_pnl": 0.07674393127672374,
        "max_drawdown": 0.344922742806375,
        "win_rate": 47.3351389169693,
        "trade_intensity": 0.0413229763507843,
        "total_costs": 0.055786018492653966,
        "mean_position": 0.0954115018248558,
        "mean_confidence": 0.5045394897460938,
        "mean_trust": 0.42995932698249817
      },
      "n_params": 5629
    },
    {
      "seed": 427,
      "val_sharpe": 1.2093067169189453,
      "test": {
        "sharpe": 0.4874386489391327,
        "total_pnl": 0.06372314528562129,
        "max_drawdown": 0.46781888231635094,
        "win_rate": 50.07528066635132,
        "trade_intensity": 0.06466249376535416,
        "total_costs": 0.08729437249712646,
        "mean_position": 0.1209304928779602,
        "mean_confidence": 0.5423926711082458,
        "mean_trust": 0.5273609161376953
      },
      "n_params": 5629
    },
    {
      "seed": 805,
      "val_sharpe": 1.1921206712722778,
      "test": {
        "sharpe": 1.1786850690841675,
        "total_pnl": 0.3246345557272434,
        "max_drawdown": 0.9625060483813286,
        "win_rate": 52.09274888038635,
        "trade_intensity": 0.06453533470630646,
        "total_costs": 0.08712270064279437,
        "mean_position": 0.2802968919277191,
        "mean_confidence": 0.5589384436607361,
        "mean_trust": 0.5526944398880005
      },
      "n_params": 5629
    },
    {
      "seed": 385,
      "val_sharpe": 1.1901901960372925,
      "test": {
        "sharpe": 0.5812785029411316,
        "total_pnl": 0.051941670244559646,
        "max_drawdown": 0.32831616699695587,
        "win_rate": 50.07528066635132,
        "trade_intensity": 0.05088413879275322,
        "total_costs": 0.06869359058327973,
        "mean_position": 0.08705885708332062,
        "mean_confidence": 0.44885095953941345,
        "mean_trust": 0.5664600729942322
      },
      "n_params": 5629
    },
    {
      "seed": 931,
      "val_sharpe": 1.1853115558624268,
      "test": {
        "sharpe": 0.4403376281261444,
        "total_pnl": 0.05761382053606212,
        "max_drawdown": 0.44141546823084354,
        "win_rate": 50.07528066635132,
        "trade_intensity": 0.06116233766078949,
        "total_costs": 0.08256916189566255,
        "mean_position": 0.1161620244383812,
        "mean_confidence": 0.534754753112793,
        "mean_trust": 0.49380722641944885
      },
      "n_params": 5629
    },
    {
      "seed": 133,
      "val_sharpe": 1.1844825744628906,
      "test": {
        "sharpe": 0.6622855067253113,
        "total_pnl": 0.08574819657951593,
        "max_drawdown": 0.42892335914075375,
        "win_rate": 50.07528066635132,
        "trade_intensity": 0.06114208698272705,
        "total_costs": 0.08254182175733149,
        "mean_position": 0.11419782042503357,
        "mean_confidence": 0.47779348492622375,
        "mean_trust": 0.5748005509376526
      },
      "n_params": 5629
    },
    {
      "seed": 259,
      "val_sharpe": 1.176318645477295,
      "test": {
        "sharpe": 0.6744291186332703,
        "total_pnl": 0.05953701329417527,
        "max_drawdown": 0.31331388745456934,
        "win_rate": 47.99759089946747,
        "trade_intensity": 0.04301641136407852,
        "total_costs": 0.058072159299626946,
        "mean_position": 0.08574280142784119,
        "mean_confidence": 0.44637754559516907,
        "mean_trust": 0.4522777199745178
      },
      "n_params": 5629
    },
    {
      "seed": 679,
      "val_sharpe": 1.1739002466201782,
      "test": {
        "sharpe": 0.5679834485054016,
        "total_pnl": 0.07649856270290911,
        "max_drawdown": 0.4640145692974329,
        "win_rate": 49.26227033138275,
        "trade_intensity": 0.06446611881256104,
        "total_costs": 0.08702927152626216,
        "mean_position": 0.12160227447748184,