{
  "total_return": 64.51,
  "sharpe": 0.78,
  "max_drawdown": 18.62,
  "regime_allocations": {
    "FEAR": {
      "SHY": 0.3327091573552685,
      "GOOGL": 0.1398838574623211,
      "TLT": 0.12475188091668142,
      "XLV": 0.11188721522029733,
      "HYG": 0.10590843136734827,
      "GLD": 0.09966746204966519,
      "XLP": 0.08519199562841819
    },
    "RISK_ON": {
      "HYG": 0.16882191189799364,
      "XLI": 0.15825503562314155,
      "SHY": 0.14462882816740485,
      "EEM": 0.13880427080660812,
      "SLV": 0.13630895269920448,
      "EFA": 0.12961595276672874,
      "IWM": 0.1235650480389185
    },
    "INFLATION": {
      "SLV": 0.20042834154040695,
      "AAPL": 0.18942455166597166,
      "SHY": 0.1676963484100521,
      "GLD": 0.13965177145273433,
      "XLP": 0.10394069642480964,
      "XLU": 0.10087575394443121,
      "EEM": 0.0979825365615941
    },
    "CRISIS": {
      "GLD": 0.26647402142223725,
      "SLV": 0.17170450694507022,
      "GOOGL": 0.15450568181570812,
      "NVDA": 0.11031345047980075,
      "META": 0.10671329165847807,
      "EEM": 0.1015211243891995,
      "EFA": 0.08876792328950622
    },
    "NORMAL": {
      "SLV": 0.2577927416276592,
      "AAPL": 0.1656658503755205,
      "GOOGL": 0.15586686318397355,
      "AMZN": 0.13673975588166598,
      "NVDA": 0.11885661291373159,
      "GLD": 0.09918618689992972,
      "XLE": 0.06589198911751938
    }
  }
}