{
  "lead_lag": {
    "AAPL->MSFT": -0.06214505604524278,
    "AAPL->NVDA": -0.03547974049937647,
    "AAPL->GOOGL": -0.05055879139841069,
    "AAPL->AMZN": -0.06011389063118281,
    "AAPL->META": -0.06092571312994492,
    "AAPL->TSLA": 0.007439241626739355,
    "MSFT->AAPL": 0.015449964672990387,
    "MSFT->NVDA": -0.0199975161875381,
    "MSFT->GOOGL": 0.008200105412632901,
    "MSFT->AMZN": -0.013741588142710884,
    "MSFT->META": 0.041610855014453864,
    "MSFT->TSLA": 0.003468630885008771,
    "NVDA->AAPL": -0.0016486616893871275,
    "NVDA->MSFT": 0.01535053604160358,
    "NVDA->GOOGL": 0.008364623743448676,
    "NVDA->AMZN": -0.009170423898279016,
    "NVDA->META": 0.013188865856629,
    "NVDA->TSLA": -0.012060213378228987,
    "GOOGL->AAPL": 0.012898197542062914,
    "GOOGL->MSFT": -0.046536968745188576,
    "GOOGL->NVDA": -0.056659540123012435,
    "GOOGL->AMZN": -0.024577047134432265,
    "GOOGL->META": -0.020314713432275783,
    "GOOGL->TSLA": -0.0016348223938121023,
    "AMZN->AAPL": 0.02368596087640299,
    "AMZN->MSFT": -0.018119448722676203,
    "AMZN->NVDA": 0.0021497023046901133,
    "AMZN->GOOGL": 0.0019476129291925524,
    "AMZN->META": 0.0001032962488413202,
    "AMZN->TSLA": -0.016468930308282007,
    "META->AAPL": -0.016438602426728774,
    "META->MSFT": -0.04062370742951967,
    "META->NVDA": -0.03117400782570776,
    "META->GOOGL": -0.03395293489428983,
    "META->AMZN": -0.10544705207320094,
    "META->TSLA": -0.02931295469575465,
    "TSLA->AAPL": -0.03241053255360381,
    "TSLA->MSFT": -0.04025278467514219,
    "TSLA->NVDA": -0.039241982937003386,
    "TSLA->GOOGL": -0.029078160896639865,
    "TSLA->AMZN": -0.0626528442771692,
    "TSLA->META": -0.05490332624703901
  },
  "pairs": [
    {
      "pair": "NVDA/META",
      "corr": 0.04835354138326656,
      "q1_diff": -0.6721904728206176,
      "q5_diff": -0.193432011612514,
      "spread_mean_rev": 0.4787584612081036
    },
    {
      "pair": "META/TSLA",
      "corr": -0.01933972833128687,
      "q1_diff": 0.19007347072858516,
      "q5_diff": -0.17492807564523122,
      "spread_mean_rev": -0.3650015463738164
    },
    {
      "pair": "GOOGL/META",
      "corr": -0.0485027212219408,
      "q1_diff": 0.137065119999835,
      "q5_diff": -0.1977663736656963,
      "spread_mean_rev": -0.33483149366553133
    },
    {
      "pair": "AAPL/META",
      "corr": -0.04196091229543464,
      "q1_diff": 0.19081418600035358,
      "q5_diff": -0.049523593843744225,
      "spread_mean_rev": -0.2403377798440978
    },
    {
      "pair": "AMZN/TSLA",
      "corr": -0.0009029329839063739,
      "q1_diff": 0.1338874172658405,
      "q5_diff": -0.10593859279624171,
      "spread_mean_rev": -0.2398260100620822
    },
    {
      "pair": "NVDA/AMZN",
      "corr": 0.016038995196530754,
      "q1_diff": -0.3794235693953264,
      "q5_diff": -0.16679185067325797,
      "spread_mean_rev": 0.21263171872206843
    },
    {
      "pair": "AMZN/META",
      "corr": -0.013861516383982309,
      "q1_diff": -0.07115516777995332,
      "q5_diff": 0.09578591988304212,
      "spread_mean_rev": 0.16694108766299542
    },
    {
      "pair": "GOOGL/TSLA",
      "corr": -0.01654452012722859,
      "q1_diff": 0.14586820719282342,
      "q5_diff": -0.01853480576740554,
      "spread_mean_rev": -0.16440301296022897
    },
    {
      "pair": "MSFT/META",
      "corr": 0.0043368447914488885,
      "q1_diff": 0.032403337009129826,
      "q5_diff": 0.18273605020972167,
      "spread_mean_rev": 0.15033271320059183
    },
    {
      "pair": "AAPL/TSLA",
      "corr": 0.002504108010861355,
      "q1_diff": -0.01239743674104832,
      "q5_diff": 0.1237166290349096,
      "spread_mean_rev": 0.13611406577595792
    },
    {
      "pair": "MSFT/TSLA",
      "corr": -0.007604962843552341,
      "q1_diff": 0.18846818035511587,
      "q5_diff": 0.07255768016980015,
      "spread_mean_rev": -0.11591050018531572
    },
    {
      "pair": "AAPL/NVDA",
      "corr": -0.011424939697270832,
      "q1_diff": 0.4204778536071714,
      "q5_diff": 0.3132982988200297,
      "spread_mean_rev": -0.1071795547871417
    },
    {
      "pair": "AAPL/MSFT",
      "corr": 0.007301287309480849,
      "q1_diff": -0.033483334632625,
      "q5_diff": 0.05825837105728258,
      "spread_mean_rev": 0.09174170568990758
    },
    {
      "pair": "AAPL/GOOGL",
      "corr": 0.012123986725588006,
      "q1_diff": -0.13978347687737105,
      "q5_diff": -0.057913220528024785,
      "spread_mean_rev": 0.08187025634934628
    },
    {
      "pair": "GOOGL/AMZN",
      "corr": 0.0358548372568844,
      "q1_diff": -0.10547563508252478,
      "q5_diff": -0.02421145477914622,
      "spread_mean_rev": 0.08126418030337856
    },
    {
      "pair": "NVDA/GOOGL",
      "corr": -0.015481558212686701,
      "q1_diff": -0.19787967377709967,
      "q5_diff": -0.2769378879662757,
      "spread_mean_rev": -0.07905821418917605
    },
    {
      "pair": "NVDA/TSLA",
      "corr": -0.01784950969487927,
      "q1_diff": -0.2221864655744727,
      "q5_diff": -0.14495865352954174,
      "spread_mean_rev": 0.07722781204493095
    },
    {
      "pair": "MSFT/NVDA",
      "corr": 0.019028446248061104,
      "q1_diff": 0.1937005854637124,
      "q5_diff": 0.2560263993530474,
      "spread_mean_rev": 0.062325813889334974
    },
    {
      "pair": "MSFT/AMZN",
      "corr": 0.015021822357436421,
      "q1_diff": -0.033399306663063885,
      "q5_diff": 0.017238646004209813,
      "spread_mean_rev": 0.050637952667273695
    },
    {
      "pair": "MSFT/GOOGL",
      "corr": -0.006935590243005279,
      "q1_diff": 0.08076672312025662,
      "q5_diff": 0.04839589851273563,
      "spread_mean_rev": -0.03237082460752099
    },
    {
      "pair": "AAPL/AMZN",
      "corr": -0.002944272411033207,
      "q1_diff": 0.01735444081139148,
      "q5_diff": 0.03505860006132182,
      "spread_mean_rev": 0.017704159249930337
    }
  ]
}