{
  "organism": "C. elegans",
  "n_neurons": 279,
  "source": "Varshney et al. 2011 via ivan-ea/celegans_connectome",
  "neuron_type_counts": {
    "unknown": 63,
    "motor": 91,
    "sensory": 62,
    "interneuron": 55,
    "command_interneuron": 8
  },
  "full_matrix": {
    "chemical": {
      "shape": [
        279,
        279
      ],
      "nnz": 2217,
      "n_sv": 259,
      "top_sv": [
        65.83181866579629,
        49.614131170380745,
        48.1488951011937,
        46.378344966557954,
        44.440729098972376,
        41.484095036338644,
        40.32472240439468,
        38.770518517931464,
        37.49651320347452,
        36.44272307945702
      ],
      "free_fit": {
        "A": 6583.18186657962,
        "k0": 24.39179141132987,
        "alpha": 1.465454407647011,
        "r2": 0.9843027350931202
      },
      "fixed_fit": {
        "A": 134.54911220357735,
        "k0": 1.8723384997514683,
        "alpha": 0.6180339887498948,
        "r2": 0.8785197293756952
      }
    },
    "gap_junction": {
      "shape": [
        279,
        279
      ],
      "nnz": 1080,
      "n_sv": 245,
      "top_sv": [
        29.20428585493224,
        23.74776402140211,
        23.13149095241142,
        22.91457009568508,
        20.185264828311617,
        19.240069679318296,
        15.331547846294585,
        14.366870578259816,
        11.387513800143477,
        10.479487988546884
      ],
      "free_fit": {
        "A": 142.13332100116963,
        "k0": 4.468212961439393,
        "alpha": 0.9200453208871305,
        "r2": 0.9752845181407768
      },
      "fixed_fit": {
        "A": 45.24851190337295,
        "k0": 0.7177050935169035,
        "alpha": 0.6180339887498948,
        "r2": 0.9366205517174968
      }
    },
    "combined": {
      "shape": [
        279,
        279
      ],
      "nnz": 3055,
      "n_sv": 275,
      "top_sv": [
        77.22583132341461,
        58.046406443973616,
        50.111938855219904,
        49.09735744735951,
        47.55784361418933,
        45.30783807666257,
        42.24400963792727,
        39.57211102499638,
        39.41207102620948,
        37.02039883106605
      ],
      "free_fit": {
        "A": 7722.583132339989,
        "k0": 26.209101824791524,
        "alpha": 1.4645614691908901,
        "r2": 0.979331859101409
      },
      "fixed_fit": {
        "A": 147.59354016307503,
        "k0": 1.7730492787588128,
        "alpha": 0.6180339887498948,
        "r2": 0.8980609255196288
      }
    }
  },
  "type_specific": {
    "sensory": {
      "n_neurons": 62,
      "submatrix_shape": [
        62,
        279
      ],
      "n_sv": 62,
      "free_fit": {
        "A": 118.01219104284957,
        "k0": 2.209483192775319,
        "alpha": 0.8090533481860939,
        "r2": 0.9792912934261717
      },
      "fixed_fit": {
        "A": 63.681542637691734,
        "k0": 0.5544096565782742,
        "alpha": 0.6180339887498948,
        "r2": 0.9692808238000471
      }
    },
    "interneuron": {
      "n_neurons": 55,
      "submatrix_shape": [
        55,
        279
      ],
      "n_sv": 54,
      "free_fit": {
        "A": 1745.23649318224,
        "k0": 11.913843904101858,
        "alpha": 1.4823008068465449,
        "r2": 0.9897436450856647
      },
      "fixed_fit": {
        "A": 69.41072139092554,
        "k0": 1.0626519976028503,
        "alpha": 0.6180339887498948,
        "r2": 0.9420187751736435
      }
    },
    "command_interneuron": {
      "n_neurons": 8,
      "submatrix_shape": [
        8,
        279
      ],
      "n_sv": 8,
      "free_fit": {
        "A": 95.11265183650045,
        "k0": 0.42464739005417257,
        "alpha": 1.1774286374790703,
        "r2": 0.998017328368182
      },
      "fixed_fit": {
        "A": 51.01443435400175,
        "k0": 3.97577878880238e-21,
        "alpha": 0.6180339887498948,
        "r2": 0.861128250626874
      }
    },
    "motor": {
      "n_neurons": 91,
      "submatrix_shape": [
        91,
        279
      ],
      "n_sv": 89,
      "free_fit": {
        "A": 5189.316027037019,
        "k0": 13.255787140276853,
        "alpha": 1.7104314371347074,
        "r2": 0.9764890791906592
      },
      "fixed_fit": {
        "A": 83.00014398672427,
        "k0": 0.6918226162672724,
        "alpha": 0.6180339887498948,
        "r2": 0.8384041754352454
      }
    },
    "sensory_receiving": {
      "n_neurons": 62,
      "submatrix_shape": [
        279,
        62
      ],
      "n_sv": 61,
      "free_fit": {
        "A": 1395.655230904817,
        "k0": 18.17231760238351,
        "alpha": 1.5434152410262885,
        "r2": 0.9868224244684942
      },
      "fixed_fit": {
        "A": 83.00014398672427,
        "k0": 0.6918226162672724,
        "alpha": 0.6180339887498948,
        "r2": 0.8384041754352454
      }
    },
    "interneuron_receiving": {
      "n_neurons": 55,
      "submatrix_shape": [
        279,
        55
      ],
      "n_sv": 55,
      "free_fit": {
        "A": 4835.014019698072,
        "k0": 16.514936395581703,
        "alpha": 1.6495594597595074,
        "r2": 0.965613620986177
      },
      "fixed_fit": {
        "A": 83.00014398672427,
        "k0": 0.6918226162672724,
        "alpha": 0.6180339887498948,
        "r2": 0.8384041754352454
      }
    },
    "command_interneuron_receiving": {
      "n_neurons": 8,
      "submatrix_shape": [
        279,
        8
      ],
      "n_sv": 8,
      "free_fit": {
        "A": 67.4429591931529,
        "k0": 2.1634686813636446e-17,
        "alpha": 0.6841111857993499,
        "r2": 0.9633606973185526
      },
      "fixed_fit": {
        "A": 83.00014398672427,
        "k0": 0.6918226162672724,
        "alpha": 0.6180339887498948,
        "r2": 0.8384041754352454
      }
    },
    "motor_receiving": {
      "n_neurons": 91,
      "submatrix_shape": [
        279,
        91
      ],
      "n_sv": 91,
      "free_fit": {
        "A": 48.84067913503964,
        "k0": 5.588863681349149e-17,
        "alpha": 0.6999068560537192,
        "r2": 0.9055405299204944
      },
      "fixed_fit": {
        "A": 83.00014398672427,
        "k0": 0.6918226162672724,
        "alpha": 0.6180339887498948,
        "r2": 0.8384041754352454
      }
    }
  }
}