{
  "model": "google/gemma-4-31B",
  "global_thresholds": {
    "0.5": 0.16019924975198413,
    "0.75": 0.36680130828373014,
    "0.8": 0.43394959077380946,
    "0.9": 0.6239305555555555,
    "0.95": 0.7699011036706349,
    "0.99": 0.9416524367559524
  },
  "per_type_thresholds": {
    "mlp_down": {
      "0.5": 0.23257829410173161,
      "0.75": 0.4948973552489177,
      "0.8": 0.5697925121753248,
      "0.9": 0.7536906452922079,
      "0.95": 0.8674411525974026,
      "0.99": 0.9718445616883117
    },
    "mlp_gate": {
      "0.5": 0.21708230706075532,
      "0.75": 0.4854397577996715,
      "0.8": 0.5621343903940887,
      "0.9": 0.749733810550082,
      "0.95": 0.8653626590722495,
      "0.99": 0.9713958589901478
    },
    "mlp_up": {
      "0.5": 0.23720548115079365,
      "0.75": 0.4977771577380953,
      "0.8": 0.5721850198412698,
      "0.9": 0.7549541170634921,
      "0.95": 0.8681020585317459,
      "0.99": 0.9719773065476193
    },
    "attn_k_slide": {
      "0.5": 0.0998193359375,
      "0.75": 0.25439453125,
      "0.8": 0.313740234375,
      "0.9": 0.508408203125,
      "0.95": 0.6849560546875,
      "0.99": 0.9178125
    },
    "attn_o_slide": {
      "0.5": 0.11153881195335275,
      "0.75": 0.2750660532069971,
      "0.8": 0.3357628765792031,
      "0.9": 0.5279815051020408,
      "0.95": 0.6953542577745384,
      "0.99": 0.916097242468416
    },
    "attn_q_slide": {
      "0.5": 0.10797991071428571,
      "0.75": 0.27270089285714283,
      "0.8": 0.3348586309523809,
      "0.9": 0.5342336309523809,
      "0.95": 0.7084412202380952,
      "0.99": 0.9267261904761902
    },
    "attn_v_slide": {
      "0.5": 0.09588982077205882,
      "0.75": 0.23587574678308823,
      "0.8": 0.28870346966911764,
      "0.9": 0.46355124080882354,
      "0.95": 0.6311394186580882,
      "0.99": 0.8884492761948529
    },
    "attn_k_full": {
      "0.5": 0.128369140625,
      "0.75": 0.309521484375,
      "0.8": 0.375048828125,
      "0.9": 0.577197265625,
      "0.95": 0.74384765625,
      "0.99": 0.938671875
    },
    "attn_o_full": {
      "0.5": 0.13389136904761906,
      "0.75": 0.3435825892857143,
      "0.8": 0.4170200892857142,
      "0.9": 0.6265997023809523,
      "0.95": 0.7819568452380953,
      "0.99": 0.9492001488095239
    },
    "attn_q_full": {
      "0.5": 0.12799479166666666,
      "0.75": 0.33690476190476193,
      "0.8": 0.4106398809523809,
      "0.9": 0.6227864583333333,
      "0.95": 0.7809337797619047,
      "0.99": 0.9497209821428572
    }
  }
}