{
  "n_stocks": 95,
  "n_days": 342,
  "tickers": [
    "AAPL",
    "ABBV",
    "ABT",
    "ADBE",
    "AEP",
    "AMAT",
    "AMD",
    "AMGN",
    "AMT",
    "AMZN",
    "AVGO",
    "AXP",
    "BA",
    "BAC",
    "BLK",
    "BMY",
    "BRK-B",
    "C",
    "CAT",
    "CCI",
    "CDNS",
    "CL",
    "COF",
    "COP",
    "COST",
    "CRM",
    "CVS",
    "CVX",
    "D",
    "DE",
    "DHR",
    "DUK",
    "EOG",
    "EQIX",
    "GE",
    "GILD",
    "GOOG",
    "GOOGL",
    "GS",
    "HAL",
    "HD",
    "HON",
    "INTC",
    "INTU",
    "ISRG",
    "JNJ",
    "JPM",
    "KO",
    "LLY",
    "LMT",
    "LOW",
    "MA",
    "MCD",
    "MDT",
    "META",
    "MMM",
    "MPC",
    "MRK",
    "MS",
    "MSFT",
    "MU",
    "NEE",
    "NKE",
    "NOW",
    "NVDA",
    "ORCL",
    "OXY",
    "PEP",
    "PFE",
    "PG",
    "PLD",
    "PM",
    "PNC",
    "PSX",
    "QCOM",
    "RTX",
    "SBUX",
    "SCHW",
    "SLB",
    "SNPS",
    "SO",
    "SPG",
    "TGT",
    "TMO",
    "TSLA",
    "TXN",
    "UNH",
    "UNP",
    "UPS",
    "USB",
    "V",
    "VLO",
    "WFC",
    "WMT",
    "XOM"
  ],
  "correlation_fit": {
    "A": 26.763927779353516,
    "k0": 5.053640485638086e-16,
    "alpha": 1.299483174214981,
    "r2": 0.992733031293626,
    "n": 95
  },
  "covariance_fit": {
    "A": 0.012327482854015581,
    "k0": 6.1831564287422764e-09,
    "alpha": 1.355957545524273,
    "r2": 0.9806999356722583,
    "n": 95
  },
  "rolling_alphas": [
    1.2502770358365802,
    1.4782079377660653,
    1.9508409450340427,
    2.0132611710573505,
    2.079104809076022,
    1.1281506639925583,
    1.1137235782139807,
    1.0173994200754346,
    1.0709179448651833,
    1.1872259837322259,
    1.1861934481769232,
    1.2560046041068007,
    1.3361655193556379,
    1.3456434850778904
  ]
}