{
  "timestamp": "2026-04-11T13:43:07.953618",
  "regime": "RISK_ON",
  "singularity": false,
  "leader_score": -0.03634300389294787,
  "tech_pct": 0.24,
  "allocation": {
    "AAPL": 0.0316431278938423,
    "MSFT": 0.0116448984315937,
    "NVDA": 0.03721690793827185,
    "GOOGL": 0.060019510534189045,
    "AMZN": 0.056036765655336856,
    "META": 0.03179389111517255,
    "TSLA": 0.0116448984315937,
    "USO": 0.5461432616446351,
    "XLE": 0.12742006252096158,
    "XLU": 0.08643667583440331
  },
  "orders": [
    [
      "AAPL",
      121
    ],
    [
      "AMZN",
      235
    ],
    [
      "GOOGL",
      189
    ],
    [
      "META",
      50
    ],
    [
      "MSFT",
      31
    ],
    [
      "NVDA",
      197
    ],
    [
      "TSLA",
      33
    ],
    [
      "USO",
      4375
    ],
    [
      "XLE",
      2237
    ],
    [
      "XLU",
      1840
    ]
  ],
  "dry_run": true
}