{
  "timestamp": "2026-04-11T13:39:56.772922",
  "regime": "RISK_ON",
  "singularity": false,
  "leader_score": -0.03634300389294787,
  "tech_pct": 0.24,
  "allocation": {
    "AAPL": 0.03164312790856753,
    "MSFT": 0.011644898381170318,
    "NVDA": 0.03721690795559085,
    "GOOGL": 0.06001951056211931,
    "AMZN": 0.05603676568141373,
    "META": 0.03179389112996794,
    "TSLA": 0.011644898381170318,
    "USO": 0.5461432616446351,
    "XLE": 0.12742006252096158,
    "XLU": 0.08643667583440331
  },
  "orders": [
    [
      "AAPL",
      121
    ],
    [
      "AMZN",
      235
    ],
    [
      "GOOGL",
      189
    ],
    [
      "META",
      50
    ],
    [
      "MSFT",
      31
    ],
    [
      "NVDA",
      197
    ],
    [
      "TSLA",
      33
    ],
    [
      "USO",
      4375
    ],
    [
      "XLE",
      2237
    ],
    [
      "XLU",
      1840
    ]
  ],
  "dry_run": true
}