{
  "timestamp": "2026-04-11T13:40:50.500359",
  "regime": "RISK_ON",
  "singularity": false,
  "leader_score": -0.03634300389294787,
  "tech_pct": 0.24,
  "allocation": {
    "AAPL": 0.03164312638996832,
    "MSFT": 0.011644898396623648,
    "NVDA": 0.037216916538825494,
    "GOOGL": 0.0600195076816967,
    "AMZN": 0.056036762992128786,
    "META": 0.03179388960413339,
    "TSLA": 0.011644898396623648,
    "USO": 0.5461432616446351,
    "XLE": 0.12742006252096158,
    "XLU": 0.08643667583440331
  },
  "orders": [
    [
      "AAPL",
      121
    ],
    [
      "AMZN",
      235
    ],
    [
      "GOOGL",
      189
    ],
    [
      "META",
      50
    ],
    [
      "MSFT",
      31
    ],
    [
      "NVDA",
      197
    ],
    [
      "TSLA",
      33
    ],
    [
      "USO",
      4375
    ],
    [
      "XLE",
      2237
    ],
    [
      "XLU",
      1840
    ]
  ],
  "dry_run": true
}