{
  "timestamp": "2026-04-11T13:32:29.997061",
  "mode": "dry_run",
  "environment": "sandbox",
  "capital": 1000000.0,
  "regime": "NORMAL",
  "singularity": false,
  "leader_score": -0.04529738235436918,
  "tech_pct": 0.6735130882281541,
  "allocation": {
    "AAPL": 0.07322712830671829,
    "MSFT": 0.03114298821287637,
    "NVDA": 0.1011018057741982,
    "GOOGL": 0.20539677474843815,
    "AMZN": 0.16043446519997592,
    "META": 0.07106693777307092,
    "TSLA": 0.03114298821287637,
    "XLK": 0.10882897059061528,
    "XLP": 0.10882897059061528,
    "HYG": 0.10882897059061528
  },
  "targets": {},
  "orders": []
}